"id","name","age","address","city"
3,"c1",20,"add3","Bangalore"
4,"d1",25,"add4","Hyderabad"
5,"e1",30,"add5","Chennai"
6,"f1",35,"add6","Kolkata"
7,"g1",40,"add7","Pune"
8,"h1",45,"add8","Ahmedabad"
9,"i1",50,"add9","Jaipur"
10,"j1",55,"add10","Surat"
11,"k1",60,"add11","Lucknow"
12,"l1",65,"add12","Kanpur"
13,"m1",70,"add13","Nagpur"
14,"n1",42,"add14","Gujrat"
15,"o1",44,"add15","Bhopal"
16,"p1",46,"add16","Patna"
17,"q1",58,"add17","Vadodara"
18,"r1",48,"add18","Indore"
19,"s1",52,"add19","Thane"
20,"t1",72,"add20","Agra"
1,"New Name",10,"add1","Mumbai"
2,"New Name",15,"add2","Delhi"
